slug,title,fareharborShortname,showFareharbor,tripadvisorUrl,showTripadvisor,getyourguideUrl,showGetyourguide,viatorUrl,showViator
chinamans-hat-mokolii-kayak-kaneohe,Chinaman's Hat (Mokoli'i) Kayak Experience,,TRUE,,FALSE,,FALSE,,FALSE
kaneohe-bay-coral-reef-kayak,Kaneohe Bay Coral Reef Self-Guided Kayaking Adventure,,TRUE,,FALSE,,FALSE,,FALSE
kaneohe-bay-sandbar-kayak,Kaneohe Bay Sandbar Kayak Experience,,TRUE,,FALSE,,FALSE,,FALSE
sharks-cove-self-guided-snorkel-haleiwa,Sharks Cove Self-Guided Snorkel,,TRUE,,FALSE,,FALSE,,FALSE
kahana-kaaawa-rainforest-river-kayak,Kahana / Kaaawa Rainforest River Kayak,,TRUE,,FALSE,,FALSE,,FALSE
kailua-kayak-rentals-general,Kailua Kayak Rentals,,TRUE,,FALSE,,FALSE,,FALSE
mokulua-islands-twin-islands-kayak-kailua,Mokulua Islands (Twin Islands) Kayak Tour,,TRUE,,FALSE,,FALSE,,FALSE
popoia-island-kailua-bay-kayak-tour,Popoia Island (Flat Island) & Kailua Bay Kayak Tour,,TRUE,,FALSE,,FALSE,,FALSE
kailua-bay-popoia-paddleboard-lesson,Kailua Bay & Popoia Island Paddle Board Lesson,,TRUE,,FALSE,,FALSE,,FALSE
mokulua-islands-kayak-ebike-combo,Guided Mokulua Islands Kayak Tour & E-Bike Adventure,,TRUE,,FALSE,,FALSE,,FALSE
popoia-island-kayak-ebike-combo,Popoia Island Kayak & E-Bike Guided Adventure Tour,,TRUE,,FALSE,,FALSE,,FALSE
pearl-harbor-city-tour-uss-arizona-aloha-hawaii-tours,Pearl Harbor City Tour / USS Arizona Memorial,alohahawaiitours,TRUE,,FALSE,,FALSE,,FALSE
private-oahu-grand-circle-island-tour,Private Oahu Grand Circle Island Tour,alohasunshinetours,TRUE,,FALSE,,FALSE,,FALSE
dolphins-and-you,Dolphins and You,andyoucreations,TRUE,,FALSE,,FALSE,,FALSE
island-and-you,Island and You,andyoucreations,TRUE,,FALSE,,FALSE,,FALSE
blue-planet-adventure-paddle-rentals,Paddle Rentals,blueplanetadventure,TRUE,,FALSE,,FALSE,,FALSE
rage-room-splatter-art-studio-honolulu,Rage Room & Splatter Art Studio,breaknanger,TRUE,,FALSE,,FALSE,,FALSE
captain-max-turtle-canyon-snorkel,Turtle Canyon Snorkel (Semi-Private Boat Tour),captainmaxboattours,TRUE,,FALSE,,FALSE,,FALSE
captain-max-private-waikiki-sunset-cruise,Private Waikiki Sunset Cruise,captainmaxboattours,TRUE,,FALSE,,FALSE,,FALSE
captain-max-private-waikiki-boat-tour,Private Waikiki Boat Tour,captainmaxboattours,TRUE,,FALSE,,FALSE,,FALSE
aloha-scuba-wreck-reef-2-tank,Wreck & Reef - 2 Tank Dive Charter,divealohascuba,TRUE,,FALSE,,FALSE,,FALSE
aloha-scuba-reef-explorer-2-tank,Reef Explorer - 2 Tank Dive Charter,divealohascuba,TRUE,,FALSE,,FALSE,,FALSE
aloha-scuba-divemaster,Divemaster (Professional Course),divealohascuba,TRUE,,FALSE,,FALSE,,FALSE
aloha-scuba-night-dive,Night Dive - Tuesday & Friday,divealohascuba,TRUE,,FALSE,,FALSE,,FALSE
dive-oahu-waikiki-coast-cruise-byob,Waikiki Coast Cruise - BYOB,diveoahu,TRUE,,FALSE,,FALSE,,FALSE
dolphin-excursion-waianae,Dolphin Excursion,dolphinexcursions,TRUE,,FALSE,,FALSE,,FALSE
waikiki-parasail,Parasail,gohawaii-waikikiparasail,TRUE,,FALSE,,FALSE,,FALSE
go-hawaii-watersports-parasailing,Parasailing,gohawaii-watersports,TRUE,,FALSE,,FALSE,,FALSE
go-hawaii-watersports-deep-sea-fishing,Private Charter Deep Sea Fishing Tour,gohawaii-watersports,TRUE,,FALSE,,FALSE,,FALSE
go-hawaii-watersports-waikiki-snorkel-playground,2-Hour Waikiki Snorkel & Ocean Playground Adventure,gohawaii-watersports,TRUE,,FALSE,,FALSE,,FALSE
gone-surfing-hawaii-rentals,Surfboard & Paddleboard Rentals,gonesurfinghawaii,TRUE,,FALSE,,FALSE,,FALSE
go-nuts-hawaii-north-shore-surf-camp,North Shore Surf Camp,gonuts-hawaii,TRUE,,FALSE,,FALSE,,FALSE
ultimate-circle-island-tour-oahu,Oahu Ultimate Circle Island Tour - Visiting 21+ Locations,haleiwaturtletours,TRUE,,FALSE,,FALSE,,FALSE
aquatic-life-divers-explorers-dive,The Explorer's Dive: Advanced Long Range Two Tank Charter,aquaticlifedivers,TRUE,,FALSE,,FALSE,,FALSE
aquatic-life-divers-signature-morning-dive,Signature Morning Dive: Two Tank Morning Charter,aquaticlifedivers,TRUE,,FALSE,,FALSE,,FALSE
big-island-abalone-farm-tours,Farm Tours,bigislandabalone,TRUE,,FALSE,,FALSE,,FALSE
big-island-bees-beekeeping-tour,Beekeeping Tour,bigislandbees,TRUE,,FALSE,,FALSE,,FALSE
body-glove-deluxe-snorkel-dolphin-watch,Deluxe Snorkel & Dolphin Watch,bodyglove,TRUE,,FALSE,,FALSE,,FALSE
body-glove-historical-lunch-cruise,Historical Lunch Cruise,bodyglove,TRUE,,FALSE,,FALSE,,FALSE
body-glove-super-raft-sunset-tour,Super-Raft Sunset Tour,bodyglove,TRUE,,FALSE,,FALSE,,FALSE
botanical-world-zipline,Zip Line at Botanical World Adventures,bwa,TRUE,,FALSE,,FALSE,,FALSE
botanical-world-garden-day-pass,Self-Guided Garden Tour Day Pass,bwa,TRUE,,FALSE,,FALSE,,FALSE
coral-reef-kealakekua-bay-snorkel,Kealakekua Bay / Captain Cook Monument Snorkel,coralreef,TRUE,,FALSE,,FALSE,,FALSE
coral-reef-manta-ray-night-snorkel,Manta Ray Night Snorkel,coralreef,TRUE,,FALSE,,FALSE,,FALSE
dolphin-discoveries-manta-ray-night-snorkel,Manta Ray Night Snorkel,dolphindiscoveries,TRUE,,FALSE,,FALSE,,FALSE
dolphin-discoveries-captain-cook-snorkel,Captain Cook Snorkel Adventure,dolphindiscoveries,TRUE,,FALSE,,FALSE,,FALSE
dolphin-discoveries-deluxe-kona-snorkel,Deluxe Kona Snorkel Adventure (2 Snorkel Spots),dolphindiscoveries,TRUE,,FALSE,,FALSE,,FALSE
hawaii-forest-trail-hidden-craters-hike,Hidden Craters Hike,hawaiiforestandtrail,TRUE,,FALSE,,FALSE,,FALSE
hawaii-geo-tours-volcano-national-park-adventure,Volcano National Park Adventure,hawaiigeotours,TRUE,,FALSE,,FALSE,,FALSE
common-ground-kauai-farm-food-experience,Farm and Food Experience,commongroundkauai,TRUE,,FALSE,,FALSE,,FALSE
dive-kauai-discover-scuba,Discover Scuba Dive - OCEAN EXPERIENCE,divekauai,TRUE,,FALSE,,FALSE,,FALSE
dive-kauai-twilight-night-dive,Twilight & Night Dive,divekauai,TRUE,,FALSE,,FALSE,,FALSE
fathom-five-koloa-landing-shore-dive,Koloa Landing Shore Dive,fathomfive,TRUE,,FALSE,,FALSE,,FALSE
fathom-five-2-tank-boat-dive,2-Tank Boat Dive,fathomfive,TRUE,,FALSE,,FALSE,,FALSE
fathom-five-discover-scuba-koloa,1-Tank Discover SCUBA - Koloa Landing,fathomfive,TRUE,,FALSE,,FALSE,,FALSE
emountain-bike-experience-tour-kihei,The Experience Tour,emountainbiketourmauillc,TRUE,,FALSE,,FALSE,,FALSE
emountain-bike-grand-tour-kihei,The Grand Tour,emountainbiketourmauillc,TRUE,,FALSE,,FALSE,,FALSE
experience-hawaii-vip-road-to-hana-haleakala-sunset,VIP Road to Hana Tour + Haleakala Sunset,experiencemauitours,TRUE,,FALSE,,FALSE,,FALSE
experience-hawaii-half-day-vip-road-to-hana,1/2 Day VIP Private Road to Hana Tour with Pick Up,experiencemauitours,TRUE,,FALSE,,FALSE,,FALSE
experience-hawaii-vip-kona-coast-tour,VIP Kona Coast Private Tour with Pickup,experiencemauitours,TRUE,,FALSE,,FALSE,,FALSE
dive-maui-lanai-cathedral-2-tank,2 Tank Lanai Cathedral Dive by Boat,goscubadivemaui,TRUE,,FALSE,,FALSE,,FALSE
dive-maui-shark-turtle-shore-dive,Shark and Turtle Dive for Certified Divers from Shore,goscubadivemaui,TRUE,,FALSE,,FALSE,,FALSE
hana-and-beyond-tour,Hana & Beyond Tour,hanaandbeyond,TRUE,,FALSE,,FALSE,,FALSE
hana-tours-of-maui-private-deluxe,Private Deluxe Hana Tour,hanatoursofmaui,TRUE,,FALSE,,FALSE,,FALSE
hawaii-by-storm-hana-back-luxury,Hana & Back Adventure Tour: Luxury Expedition,hawaiibystorm,TRUE,,FALSE,,FALSE,,FALSE
hawaii-by-storm-waimoku-falls-pipiwai,Waimoku Falls at Pipiwai Trail Hiking Adventure,hawaiibystorm,TRUE,,FALSE,,FALSE,,FALSE
hawaii-by-storm-pipiwai-haleakala-deluxe,Pipiwai Trail & Haleakala Summit Deluxe Tour,hawaiibystorm,TRUE,,FALSE,,FALSE,,FALSE
hawaii-by-storm-haleakala-summit-day-sunset,Haleakala Summit Day/Sunset Hiking Adventure,hawaiibystorm,TRUE,,FALSE,,FALSE,,FALSE
enoa-pearl-harbor-tour,Pearl Harbor Tour by E Noa,enoatours,TRUE,,FALSE,,FALSE,,FALSE
enoa-majestic-circle-island-tour,Majestic Circle Island Tour,enoatours,TRUE,,FALSE,,FALSE,,FALSE
experience-aloha-luxury-beach-picnic,Luxury Beach Picnic: Two Guests,experiencealoha,TRUE,,FALSE,,FALSE,,FALSE
experience-aloha-wedding-photography,Wedding Photography,experiencealoha,TRUE,,FALSE,,FALSE,,FALSE
experience-aloha-engagement-photography,Engagement Photography Session,experiencealoha,TRUE,,FALSE,,FALSE,,FALSE
experience-aloha-custom-floral-proposal,Custom Floral Proposal,experiencealoha,TRUE,,FALSE,,FALSE,,FALSE
go-adventure-pelagic-cageless-shark-dive,Pelagic (Cageless) Shark Dive,goadventurehawaii,TRUE,,FALSE,,FALSE,,FALSE
go-adventure-custom-day-trip,Custom Day Trip,goadventurehawaii,TRUE,,FALSE,,FALSE,,FALSE
go-adventure-fishing-charter,Fishing Charter,goadventurehawaii,TRUE,,FALSE,,FALSE,,FALSE
ocean-outfitters-marine-life-tour,Marine Life Tour,hawaiiglassbottomboats-slt,TRUE,,FALSE,,FALSE,,FALSE
ocean-outfitters-cage-free-shark-tour,Cage-free Shark Tour,hawaiiglassbottomboats-slt,TRUE,,FALSE,,FALSE,,FALSE
hawaii-nautical-oahu-west-oahu-heritage-sail,West Oahu Heritage Snorkel Sail,hawaiinautical,TRUE,,FALSE,,FALSE,,FALSE
hawaii-nautical-oahu-kaula-kai-sunset-ko-olina,Kaula Kai Sunset Sail at Ko Olina,hawaiinautical,TRUE,,FALSE,,FALSE,,FALSE
hawaii-ocean-charters-keanuenue,"Private Catamaran Cruise & Snorkeling ""Keanuenue""",hawaiioceancharters,TRUE,,FALSE,,FALSE,,FALSE
danielshawaii-oahu-circle-island-tour,Oahu Circle Island Tour,hawaiireisetipps,TRUE,,FALSE,,FALSE,,FALSE
danielshawaii-private-custom-tour,Private Custom Oahu Tour,hawaiireisetipps,TRUE,,FALSE,,FALSE,,FALSE
danielshawaii-fully-customized-tour-event,Fully Customized Tour or Event,hawaiireisetipps,TRUE,,FALSE,,FALSE,,FALSE
danielshawaii-luau-transportation,Luau Transportation Private Group Oahu,hawaiireisetipps,TRUE,,FALSE,,FALSE,,FALSE
danielshawaii-chauffeur-transportation,Chauffeur & Transportation Service (Servicing all of Oahu),hawaiireisetipps,TRUE,,FALSE,,FALSE,,FALSE
danielshawaii-pearl-harbor-downtown-honolulu,Pearl Harbor & USS Arizona with Downtown Honolulu,hawaiireisetipps,TRUE,,FALSE,,FALSE,,FALSE
danielshawaii-circle-island-helicopter-combo,Private Oahu Circle Island Tour & Helicopter Flight,hawaiireisetipps,TRUE,,FALSE,,FALSE,,FALSE
hawaii-turtle-tours-northshore-circle-island,Northshore Circle Island Adventure,hawaiiturtletours,TRUE,,FALSE,,FALSE,,FALSE
hawaii-turtle-tours-private-spanish-tour,Full Day Isla Oahu Con Experiencia Personalizada - Tour Privado En Español,hawaiiturtletours,TRUE,,FALSE,,FALSE,,FALSE
hans-hedemann-surf-lessons,Surf Lessons,hhsurf,TRUE,,FALSE,,FALSE,,FALSE
hawaii-polo-trail-rides-oceanfront-horseback,Oceanfront Horseback Ride,hipolotrailrides,TRUE,,FALSE,,FALSE,,FALSE
hi-private-tours-east-oahu-kailua,East Oahu Lookouts & Kailua Day,hiprivatetours,TRUE,,FALSE,,FALSE,,FALSE
hi-private-tours-north-shore-adventure,North Shore Adventure Tour,hiprivatetours,TRUE,,FALSE,,FALSE,,FALSE
hi-private-tours-full-day-circle-island,Full Day Circle Island Tour - See it All,hiprivatetours,TRUE,,FALSE,,FALSE,,FALSE
hi-private-tours-tantalus-dinner-japanese,Tantalus Lookout Dinner Plan (Japanese-Guided),hiprivatetours,TRUE,,FALSE,,FALSE,,FALSE
kailua-beach-adventures-2hr-guided-kayak,2-Hour Guided Kayak + Beach Time,kailuasailboards,TRUE,,FALSE,,FALSE,,FALSE
kailua-beach-adventures-self-guided-discovery,Self-Guided Kayaking Discovery,kailuasailboards,TRUE,,FALSE,,FALSE,,FALSE
kailua-beach-adventures-twin-islands-guided,Twin Islands Guided Kayak Tour,kailuasailboards,TRUE,,FALSE,,FALSE,,FALSE
kaimana-tours-hanauma-bay,Hanauma Bay Snorkeling,kaimanatours,TRUE,,FALSE,,FALSE,,FALSE
kaimana-tours-makapuu-halona,Makapu'u Point Lighthouse Trail Hike & Halona Blowhole,kaimanatours,TRUE,,FALSE,,FALSE,,FALSE
kaimana-tours-manoa-falls,Manoa Falls Rainforest & Self-Guided Hike,kaimanatours,TRUE,,FALSE,,FALSE,,FALSE
kaimana-tours-snorkel-gear-rental,Snorkel Gear and Beach Rental,kaimanatours,TRUE,,FALSE,,FALSE,,FALSE
catamaran-kepoikai-day-sail,Day Sail,kepoikai,TRUE,,FALSE,,FALSE,,FALSE
ko-hana-rum-distillery-tour,Ko Hana Hawaiian Agricole Rum Distillery Tour,kohanarum,TRUE,,FALSE,,FALSE,,FALSE
hawaii-island-ocean-tours-whale-dolphin-kealakekua-speedboat,"Whale/Dolphin Watch, Sea Cave & Captain Cook Kealakekua Bay Reef Snorkel Speed Boat Adventure",hawaiiislandandoceantours,TRUE,,FALSE,,FALSE,,FALSE
hawaii-island-ocean-tours-manta-moonlight-keauhou,Manta Ray Moonlight Snorkel in Keauhou - Kona,hawaiiislandandoceantours,TRUE,,FALSE,,FALSE,,FALSE
hawaii-island-holidays-mauna-kea-summit-sunset-stars,"Hawaii's GOAT Experience: Mauna Kea Summit, Sunset & Stars",hawaiiislandholidays,TRUE,,FALSE,,FALSE,,FALSE
hawaii-nautical-bigisland-waikoloa-snorkel-sail-lunch,Waikoloa Snorkel Sail with Lunch,hawaiinautical-kona,TRUE,,FALSE,,FALSE,,FALSE
hawaii-nautical-bigisland-waikoloa-signature-sunset,Waikoloa Signature Sunset Sail,hawaiinautical-kona,TRUE,,FALSE,,FALSE,,FALSE
hawaii-nautical-bigisland-kona-luxury-dolphin-snorkel,Kona Luxury Dolphin Snorkel Sail,hawaiinautical-kona,TRUE,,FALSE,,FALSE,,FALSE
hawaii-nautical-bigisland-kona-luxury-private-yacht,Kona Luxury Private Yacht Charter,hawaiinautical-kona,TRUE,,FALSE,,FALSE,,FALSE
hawaii-oceanic-kealakekua-bay-snorkel,Kealakekua Bay (Captain Cook Monument) Snorkel,hawaiioceanic,TRUE,,FALSE,,FALSE,,FALSE
hawaii-oceanic-manta-magic,Manta Magic,hawaiioceanic,TRUE,,FALSE,,FALSE,,FALSE
hang-loose-manta-ray-night,Manta Ray Night Adventure,hawaiitourboat,TRUE,,FALSE,,FALSE,,FALSE
heavenly-hawaiian-coffee-brewing-workshop,"""Brew Your Best Cup"" Coffee Brewing Workshop",heavenlyhawaiian,TRUE,,FALSE,,FALSE,,FALSE
heavenly-hawaiian-paniolo-roasting,Paniolo Coffee Roasting Experience,heavenlyhawaiian,TRUE,,FALSE,,FALSE,,FALSE
heavenly-hawaiian-paint-sip,"""Paint & Sip"" Painting Class with Coffee & a View",heavenlyhawaiian,TRUE,,FALSE,,FALSE,,FALSE
hilo-ocean-adventures-discover-scuba,Discover Scuba Diving,hilooceanadventures,TRUE,,FALSE,,FALSE,,FALSE
hilo-ocean-adventures-turtle-lagoon-black-sand,Beach Snorkel - Sea Turtle Lagoon and Black Sand Beach,hilooceanadventures,TRUE,,FALSE,,FALSE,,FALSE
hilo-ocean-adventures-waiolena-2tank-shore,2 Tank Shore Dive - Wai'olena Beach,hilooceanadventures,TRUE,,FALSE,,FALSE,,FALSE
kailani-tours-big-island-highlights-volcano,Big Island Highlights Volcano Day Tour,kailanitourshawaii,TRUE,,FALSE,,FALSE,,FALSE
kohala-divers-two-site-dive-snorkel,Two-Site Dive/Snorkel,kohaladivers,TRUE,,FALSE,,FALSE,,FALSE
kona-boys-kealakekua-kayak-snorkel,Kealakekua Bay Kayak & Snorkel Tour,konaboys,TRUE,,FALSE,,FALSE,,FALSE
kona-brewing-company-brewery-tour,Brewery Tour,konabrewing,TRUE,,FALSE,,FALSE,,FALSE
kona-cloud-forest-sound-bath,Sound Bath Meditation Journey,konacloudforest,TRUE,,FALSE,,FALSE,,FALSE
kona-cloud-forest-pantropical-trail,Cloud Forest Tour - Pantropical Trail (1.5 hr),konacloudforest,TRUE,,FALSE,,FALSE,,FALSE
kona-diving-2tank-morning,2-tank Morning Charter,konadivingcompany,TRUE,,FALSE,,FALSE,,FALSE
kona-diving-manta-ray-night-charter,2-tank Manta Ray Night Charter,konadivingcompany,TRUE,,FALSE,,FALSE,,FALSE
kona-honu-divers-2tank-morning,2-Tank Local Morning Dive Charter,konahonudivers,TRUE,,FALSE,,FALSE,,FALSE
kona-honu-divers-2tank-night-manta,2 Tank Night Manta Dive Charter,konahonudivers,TRUE,,FALSE,,FALSE,,FALSE
kona-honu-divers-level1-freediver,Level 1 Freediver Course,konahonudivers,TRUE,,FALSE,,FALSE,,FALSE
kona-honu-divers-open-water-course,Open Water Course,konahonudivers,TRUE,,FALSE,,FALSE,,FALSE
kona-honu-divers-blackwater-dive,Blackwater Night Dive,konahonudivers,TRUE,,FALSE,,FALSE,,FALSE
kona-honu-divers-premium-advanced-long-range,Premium Advanced 2 Tank Long Range Charter,konahonudivers,TRUE,,FALSE,,FALSE,,FALSE
kona-honu-divers-private-charter-honu-lele,Private Charter - Honu Lele,konahonudivers,TRUE,,FALSE,,FALSE,,FALSE
kona-ocean-adventures-kealakekua-captain-cook,Kealakekua/Captain Cook Adventure,konaoceanadventures,TRUE,,FALSE,,FALSE,,FALSE
kona-ocean-adventures-manta-scuba-combo,Majestic Manta Rays Snorkel / 1-Tank Scuba Dive Adventure,konaoceanadventures,TRUE,,FALSE,,FALSE,,FALSE
kona-ocean-adventures-private-charter,Private Charter,konaoceanadventures,TRUE,,FALSE,,FALSE,,FALSE
kona-sea-salt-mineral-foot-soak,Deep Ocean Cold Water Mineral Foot Soak,konaseasalt,TRUE,,FALSE,,FALSE,,FALSE
kona-shore-divers-influencer-photo-package,Influencer Photo Package,konashoredivers,TRUE,,FALSE,,FALSE,,FALSE
kona-snorkel-trips-pawai-bay,Kona Snorkeling in Pawai Bay,konasnorkeltrips,TRUE,,FALSE,,FALSE,,FALSE
kona-town-surf-adventures-lesson,Surf Lesson,konatownsurfadventures,TRUE,,FALSE,,FALSE,,FALSE
iruka-kona-manta-ray-night,Manta Ray Night Snorkel,irukakona,TRUE,,FALSE,,FALSE,,FALSE
honolii-orchards-chocolate-experience,Orchard Tour & Craft Chocolate Tasting,honoliiestate,TRUE,,FALSE,,FALSE,,FALSE
holo-holo-niihau-napali-snorkel-expedition,The Ni'ihau & Napali Snorkel Expedition,holoholo,TRUE,,FALSE,,FALSE,,FALSE
holo-holo-napali-coast-snorkel-excursion,The Napali Coast Snorkel Excursion,holoholo,TRUE,,FALSE,,FALSE,,FALSE
holo-holo-kauai-sunset-tour,Kaua'i Sunset Sail,holoholo,TRUE,,FALSE,,FALSE,,FALSE
alii-air-private-kauai-helicopter-tour,Private Kauai Helicopter Tour,iflykauai,TRUE,,FALSE,,FALSE,,FALSE
alii-air-private-kauai-helicopter-charter,Private Kauai Helicopter Charter,iflykauai,TRUE,,FALSE,,FALSE,,FALSE
jack-harter-doors-off-md500,Doors-Off MD500 Tour (60-65 Min),jackharterheli,TRUE,,FALSE,,FALSE,,FALSE
jack-harter-doors-off-heart-of-island,Doors-Off Heart of the Island Kauai Tour,jackharterheli,TRUE,,FALSE,,FALSE,,FALSE
kipu-ranch-waterfall-trail-expedition,Waterfall Trail Expedition,kiputours,TRUE,,FALSE,,FALSE,,FALSE
kipu-ranch-ultimate-ranch-tour,Ultimate Ranch Tour,kiputours,TRUE,,FALSE,,FALSE,,FALSE
kauai-beach-boys-outrigger-canoe,Outrigger Canoe Ride,kauaibeachboys,TRUE,,FALSE,,FALSE,,FALSE
kauai-beach-boys-waterfall-rappel,Waterfall Rappel,kauaibeachboys,TRUE,,FALSE,,FALSE,,FALSE
kauai-beach-boys-waterfall-swim-hike,Waterfall Swim and Hike,kauaibeachboys,TRUE,,FALSE,,FALSE,,FALSE
jungle-zipline-8-line-tour,8 Line Zipline Tour,junglezip,TRUE,,FALSE,,FALSE,,FALSE
kaanapali-morning-lanai-snorkel,Morning Lana'i Snorkel Tour,kaanapalioceanadventures,TRUE,,FALSE,,FALSE,,FALSE
liljestrand-architectural-tour,90-Minute Architectural Group Tour,liljestrandhouse,TRUE,,FALSE,,FALSE,,FALSE
living-ocean-waikiki-sunset-cruise-byob,Waikiki Sunset Cruise BYOB,livingoceanscuba,TRUE,,FALSE,,FALSE,,FALSE
living-ocean-deluxe-snorkel-wildlife-cruise,Deluxe Snorkel and Wildlife Cruise,livingoceanscuba,TRUE,,FALSE,,FALSE,,FALSE
mahina-hawaii-full-day-private-adventure,Full Day Private Adventure,mahinahawaii,TRUE,,FALSE,,FALSE,,FALSE
mahina-hawaii-half-day-surf-turf,Half Day Adventure Retreat (Surf & Turf),mahinahawaii,TRUE,,FALSE,,FALSE,,FALSE
leigreeting-oahu-honolulu-airport,Airport Lei Greeting - Honolulu Airport (Oahu),leigreeting,TRUE,,FALSE,,FALSE,,FALSE
mana-cruises-waikiki-private-charter,Waikiki Private Charter,manacruises,TRUE,,FALSE,,FALSE,,FALSE
mana-cruises-waikiki-exclusive-snorkel-lunch,Waikiki Exclusive Snorkel + Lunch,manacruises,TRUE,,FALSE,,FALSE,,FALSE
mana-cruises-waikiki-captains-sunset-tasting,Waikiki Captain's Sunset + Tasting,manacruises,TRUE,,FALSE,,FALSE,,FALSE
mana-cruises-ko-olina-four-seasons-snorkel,Ko Olina Four Seasons Snorkel,manacruises,TRUE,,FALSE,,FALSE,,FALSE
mana-cruises-ko-olina-nearshore-fishing,Venture Ko Olina Nearshore Fishing,manacruises,TRUE,,FALSE,,FALSE,,FALSE
mana-cruises-ko-olina-wildlife-snorkel,Venture Ko Olina Wildlife Snorkel,manacruises,TRUE,,FALSE,,FALSE,,FALSE
mana-cruises-ko-olina-exclusive-snorkel-lunch,Ko Olina Exclusive Snorkel + Lunch,manacruises,TRUE,,FALSE,,FALSE,,FALSE
mana-cruises-ko-olina-private-charter,Ko Olina Private Charter,manacruises,TRUE,,FALSE,,FALSE,,FALSE
north-shore-beach-bus-waimea-pali,Tour of North Shore & Waimea Waterfall and Pali Lookout,northshorebeachbus,TRUE,,FALSE,,FALSE,,FALSE
north-shore-beach-bus-pearl-harbor-kingdom-history,Premier Pearl Harbor and Hawaiian Kingdom History Tour,northshorebeachbus,TRUE,,FALSE,,FALSE,,FALSE
north-shore-stables-beachfront-atv-farm,"Beachfront ATV, Farm Animals & Native Hawaiian Plant Experience",northshorestables,TRUE,,FALSE,,FALSE,,FALSE
north-shore-ohana-surf-lesson,Surf Lesson,nsohanasurfschool,TRUE,,FALSE,,FALSE,,FALSE
oahu-boat-cruises-private-parties,Private Parties,oahuboatcruises,TRUE,,FALSE,,FALSE,,FALSE
oahu-photography-beautiful-colors-tour,Beautiful Colors of Hawaii Photo Tour,oahuphotographytours,TRUE,,FALSE,,FALSE,,FALSE
oahu-photography-complete-island-sunrise,Complete Island Adventure with Sunrise,oahuphotographytours,TRUE,,FALSE,,FALSE,,FALSE
oahu-photography-complete-island-waterfall,Complete Island Adventure with Waterfall,oahuphotographytours,TRUE,,FALSE,,FALSE,,FALSE
oahu-photography-seacliff-sunset,PRIVATE Honolulu Sea-cliff Tour with Sunset,oahuphotographytours,TRUE,,FALSE,,FALSE,,FALSE
oahu-photography-sunset-light-painting,Private Sunset & Light-Painting Experience,oahuphotographytours,TRUE,,FALSE,,FALSE,,FALSE
ohana-surf-project-surf-lessons,Surf Lessons,ohanasurfproject,TRUE,,FALSE,,FALSE,,FALSE
ohana-surf-project-sup-lessons,SUP Lessons,ohanasurfproject,TRUE,,FALSE,,FALSE,,FALSE
ohana-surf-project-bodyboarding-lessons,Bodyboarding Lessons,ohanasurfproject,TRUE,,FALSE,,FALSE,,FALSE
pacific-historic-parks-self-guided-multimedia-tour,Pearl Harbor Self-Guided Multimedia Tour,phptours,TRUE,,FALSE,,FALSE,,FALSE
pacific-historic-parks-uss-arizona-narrated,USS Arizona Narrated Tour,phptours,TRUE,,FALSE,,FALSE,,FALSE
pacific-historic-parks-deluxe-combo-vr,Official Pearl Harbor Deluxe Combo: Self-Guided Multimedia Tour & VR Experience,phptours,TRUE,,FALSE,,FALSE,,FALSE
pacific-historic-parks-skies-over-pearl-vr,Skies Over Pearl Virtual Reality Experience,phptours,TRUE,,FALSE,,FALSE,,FALSE
pink-sails-turtle-snorkeling-guaranteed,Turtle Snorkeling Adventure + Guaranteed Sightings,pinksailswaikiki,TRUE,,FALSE,,FALSE,,FALSE
pink-sails-sunset-splash,Sunset Splash Adventure,pinksailswaikiki,TRUE,,FALSE,,FALSE,,FALSE
polynesian-adventure-wwii-pearl-harbor-tour,World War II Heroes Deluxe Pearl Harbor Tour with Lunch,polyad-activities,TRUE,,FALSE,,FALSE,,FALSE
polynesian-adventure-oahu-grand-circle-waimea-dole,Oahu Grand Circle Island Tour - Waimea Valley & Dole Plantation,polyad-activities,TRUE,,FALSE,,FALSE,,FALSE
queens-waikiki-luau,Queen's Waikiki Luau,queenswaikikiluau,TRUE,,FALSE,,FALSE,,FALSE
rainbow-watersports-sup-group-lesson,SUP Open Group Lesson,rainbowwatersportsadventure,TRUE,,FALSE,,FALSE,,FALSE
rainbow-watersports-rentals,Rentals,rainbowwatersportsadventure,TRUE,,FALSE,,FALSE,,FALSE
north-shore-catamaran-morning-sail-snorkel,Morning Sail & Snorkel,sailingcat,TRUE,,FALSE,,FALSE,,FALSE
sea-board-sports-nature-turtle-tour,Nature & Turtle Tour,sbshawaii,TRUE,,FALSE,,FALSE,,FALSE
scuba-lounge-hawaii-beginner-scuba,Beginner Scuba Diving Tour With Free Video Package,scubaloungehawaii,TRUE,,FALSE,,FALSE,,FALSE
north-shore-shark-adventures-shark-dive,Shark Dive,sharktourshawaii,TRUE,,FALSE,,FALSE,,FALSE
snorkel-with-turtles-honolulu,Snorkel with Turtles,snorkelwithturtles,TRUE,,FALSE,,FALSE,,FALSE
stars-above-hawaii-ko-olina-star-show,Star Tour Show at Ko Olina,starsabovehawaii,TRUE,,FALSE,,FALSE,,FALSE
adventure-boat-snorkel-adventure-tour,Adventure / Snorkel Tour,theadventureboat,TRUE,,FALSE,,FALSE,,FALSE
adventure-boat-sunset-cruise,Tiki Escape Sunset Cruise,theadventureboat,TRUE,,FALSE,,FALSE,,FALSE
adventure-boat-semi-private-snorkel,Semi-Private Snorkeling Adventure,theadventureboat,TRUE,,FALSE,,FALSE,,FALSE
three-tikis-waikiki-sunset-sail,Waikiki Sunset Sail,threetikisailing,TRUE,,FALSE,,FALSE,,FALSE
three-tikis-waikiki-turtle-snorkeling,Waikiki Turtle Snorkeling,threetikisailing,TRUE,,FALSE,,FALSE,,FALSE
tradewind-reef-fishing-snorkeling-charter,Reef Fishing & Snorkeling Adventure Private Charter,tradewindcharters,TRUE,,FALSE,,FALSE,,FALSE
tradewind-friday-fireworks-cruise,Waikiki Friday Fireworks Cruise Private Charter,tradewindcharters,TRUE,,FALSE,,FALSE,,FALSE
try-scuba-honolulu-discover-scuba,Try Scuba Diving Tour,tryscuba-honolulu,TRUE,,FALSE,,FALSE,,FALSE
try-scuba-honolulu-guided-snorkel,Guided Snorkel Tour + Free Videos,tryscuba-honolulu,TRUE,,FALSE,,FALSE,,FALSE
wai-kai-wave-sessions,Wave Pool Sessions,waikai-atthelineup,TRUE,,FALSE,,FALSE,,FALSE
wai-kai-lagoon-sport-rentals,Lagoon Sport Rentals,waikai-atthelineup,TRUE,,FALSE,,FALSE,,FALSE
wai-kai-kekoa-cazimero-pro-surfer,Kekoa Cazimero (Pro Surfer) Surf Experience,waikai-atthelineup,TRUE,,FALSE,,FALSE,,FALSE
wai-kai-ultimate-experience,Wai Kai Ultimate Experience,waikai-atthelineup,TRUE,,FALSE,,FALSE,,FALSE
waikiki-beach-services-surf-lesson,One-on-One Individual Surf Lesson,waikikibeachservices,TRUE,,FALSE,,FALSE,,FALSE
waikiki-beach-services-sup-lesson,One-on-One Individual Stand-Up Paddle Lesson,waikikibeachservices,TRUE,,FALSE,,FALSE,,FALSE
waikiki-beach-services-outrigger-surfing,Outrigger Canoe Surfing,waikikibeachservices,TRUE,,FALSE,,FALSE,,FALSE
waikiki-beach-services-outrigger-charter,Outrigger Canoe Charter,waikikibeachservices,TRUE,,FALSE,,FALSE,,FALSE
waikiki-dive-center-shipwreck-reef,Magnificent 2 Tank Shipwreck and/or Reef Boat Dive,waikikidivecenter,TRUE,,FALSE,,FALSE,,FALSE
holokai-catamaran-waikiki-afternoon-sail,Waikiki Afternoon Sail,waikikirigger,TRUE,,FALSE,,FALSE,,FALSE
holokai-catamaran-turtle-canyon-snorkel,Turtle Canyon Snorkel,waikikirigger,TRUE,,FALSE,,FALSE,,FALSE
wildlife-hawaii-north-shore-shuttle,Round Trip North Shore Haleiwa Shuttle,wildlifehawaii,TRUE,,FALSE,,FALSE,,FALSE
xtreme-parasail-diamond-head,Parasail,xtreme,TRUE,,FALSE,,FALSE,,FALSE
yoga-floats-sup-yoga,SUP Yoga,yogafloats,TRUE,,FALSE,,FALSE,,FALSE
yoga-floats-light-up-the-night,Light up the Night,yogafloats,TRUE,,FALSE,,FALSE,,FALSE
lavaloha-tree-to-chocolate-tour,Tree-to-Chocolate Tour,lavaloha,TRUE,,FALSE,,FALSE,,FALSE
malahini-tours-volcanoes-national-park,Hawaii's Volcanoes National Park Tour,malahinitours,TRUE,,FALSE,,FALSE,,FALSE
malahini-tours-majestic-waterfalls,Majestic Waterfalls Tour,malahinitours,TRUE,,FALSE,,FALSE,,FALSE
ohana-ranch-atv-tour,Ohana Ranch ATV Tour,ohanaranch,TRUE,,FALSE,,FALSE,,FALSE
ohana-ranch-petting-zoo-goats,Petting Zoo + Cuddle Baby Goats,ohanaranch,TRUE,,FALSE,,FALSE,,FALSE
shaka-braddah-big-island-day-tour,Big Island Day Tour w/ Lunch,shakabraddahtours,TRUE,,FALSE,,FALSE,,FALSE
volcano-ohana-5hr-fat-tire-cruise-passengers,5 Hour Fat Tire E-Bike Tour for Cruise Passengers - Volcanoes National Park,volcanoohana,TRUE,,FALSE,,FALSE,,FALSE
volcano-ohana-kalapana-beach-road,Fat Tire E-Bike Tour - Kalapana Beach Road and Volcanoes National Park,volcanoohana,TRUE,,FALSE,,FALSE,,FALSE
wasabi-tours-big-island-grand-circle,Big Island Grand Circle Island Tour,wasabi,TRUE,,FALSE,,FALSE,,FALSE
wasabi-tours-twilight-volcano-stargazing,Twilight Volcano and Stargazing Tour,wasabi,TRUE,,FALSE,,FALSE,,FALSE
wasabi-tours-waterfalls-adventure,Big Island Waterfalls Adventure,wasabi,TRUE,,FALSE,,FALSE,,FALSE
umauma-falls-private-waterfall-swim,Private Waterfall and River Swim,ziplinehawaii,TRUE,,FALSE,,FALSE,,FALSE
umauma-falls-zip-n-dip-combo,Zip N Dip Combo,ziplinehawaii,TRUE,,FALSE,,FALSE,,FALSE
hawaii-zipline-tours-honomu,Zipline Adventure,ziplinetourshawaii,TRUE,,FALSE,,FALSE,,FALSE
sea-paradise-sailing-snorkeling,Sailing & Snorkeling Tour,seaparadise,TRUE,,FALSE,,FALSE,,FALSE
sea-paradise-manta-ray-night-snorkel,Manta Ray Night Snorkeling Tour,seaparadise,TRUE,,FALSE,,FALSE,,FALSE
maui-bombers-upcountry-food-cruise,Upcountry Food Cruise,mauibombers,TRUE,,FALSE,,FALSE,,FALSE
maui-diamond-lanai-cathedrals,Lanai Cathedrals (2-Tank Dive),mauidreamsdiveco,TRUE,,FALSE,,FALSE,,FALSE
maui-diamond-molokini-2tank,Molokini Crater 2-Tank Dive Charter,mauidreamsdiveco,TRUE,,FALSE,,FALSE,,FALSE
maui-off-road-lahaina-adventure,Lahaina Adventure,mauioffroadadventureswestside,TRUE,,FALSE,,FALSE,,FALSE
makena-coast-molokini-turtle-town,Molokini Crater & Turtle Town Snorkeling,mauiunderwater,TRUE,,FALSE,,FALSE,,FALSE
glass-experience-maui-blowing,Glass Blowing Experience,makaiglass,TRUE,,FALSE,,FALSE,,FALSE
maui-custom-charters-sunset,Private Sunset Charter,sail-maui,TRUE,,FALSE,,FALSE,,FALSE
maui-custom-charters-full-day-snorkel-sail,Full Day Snorkel & Sail,sail-maui,TRUE,,FALSE,,FALSE,,FALSE
maui-custom-charters-morning-snorkel-sail,Catamaran Private Morning Snorkel & Sail,sail-maui,TRUE,,FALSE,,FALSE,,FALSE
unicorn-tours-tiki-bar-sunset,Sunset Sailing on a Floating Tiki Bar,sailwinona,TRUE,,FALSE,,FALSE,,FALSE
unicorn-tours-coral-garden-turtle-town,Discover the Magic of Coral Garden's Turtle Town,sailwinona,TRUE,,FALSE,,FALSE,,FALSE
my-splash-non-swimmers-snorkel,Snorkeling for Non-Swimmers with Photos,seascootersnorkeling,TRUE,,FALSE,,FALSE,,FALSE
my-splash-turtle-town-sea-scooter,Turtle Town Sea Scooter Snorkeling Tour with Photos and Video,seascootersnorkeling,TRUE,,FALSE,,FALSE,,FALSE
my-splash-turtle-town-beginners,Turtle Town Snorkel with Free Photo and Video - Beginners,seascootersnorkeling,TRUE,,FALSE,,FALSE,,FALSE
local-pros-maui-surf-lessons,Surf Lessons,surflessonsinmauihi,TRUE,,FALSE,,FALSE,,FALSE
surf-yoga-maui-lesson,Surf Lesson,surfyogamaui,TRUE,,FALSE,,FALSE,,FALSE
unique-maui-tours-road-to-hana,Unique Road to Hana,uniquehawaiiexperience,TRUE,,FALSE,,FALSE,,FALSE
northshore-zipline-maui-tour,NorthShore Zipline Tour,nszipline,TRUE,,FALSE,,FALSE,,FALSE
na-pali-riders-sea-caves-raft-snorkel,Na Pali Coast Sea Caves Raft Expedition + Snorkel,napaliriders,TRUE,,FALSE,,FALSE,,FALSE
napali-hanalei-snorkel-adventure,Napali Snorkel Adventure,napalitours,TRUE,,FALSE,,FALSE,,FALSE
polynesian-adventure-waimea-canyon-wailua-fern-grotto,"Waimea Canyon, Wailua River & Fern Grotto Tour",polyad-activities,TRUE,,FALSE,,FALSE,,FALSE
